id,date,time,details
66178d05fc13ae3517ab8efc,6/19/2023,blandit ultrices enim,tortor eu pede
66178d05fc13ae3517ab8efd,5/9/2023,eleifend quam a,nisi venenatis
66178d05fc13ae3517ab8efe,6/5/2023,tincidunt,tellus in
66178d05fc13ae3517ab8eff,9/29/2023,integer a nibh,rhoncus
66178d05fc13ae3517ab8f00,1/28/2024,leo odio condimentum,integer a nibh
66178d05fc13ae3517ab8f01,4/11/2023,mi integer,pellentesque
66178d05fc13ae3517ab8f02,12/28/2023,vestibulum velit,tortor eu pede
66178d05fc13ae3517ab8f03,10/21/2023,eu,pellentesque quisque porta
66178d05fc13ae3517ab8f04,9/7/2023,aliquet pulvinar,posuere cubilia
66178d05fc13ae3517ab8f05,6/23/2023,amet erat,diam
66178d05fc13ae3517ab8f06,11/24/2023,ut,ut
66178d05fc13ae3517ab8f07,1/2/2024,volutpat in congue,aliquam
66178d05fc13ae3517ab8f08,7/16/2023,vel lectus,consequat nulla
66178d05fc13ae3517ab8f09,7/12/2023,venenatis non sodales,at diam
66178d05fc13ae3517ab8f0a,12/30/2023,mauris viverra,nisl
66178d05fc13ae3517ab8f0b,5/29/2023,nisl,est risus
66178d05fc13ae3517ab8f0c,4/17/2023,varius ut blandit,posuere cubilia curae
66178d05fc13ae3517ab8f0d,9/15/2023,imperdiet et commodo,sapien placerat ante
66178d05fc13ae3517ab8f0e,5/16/2023,velit eu,integer ac
66178d05fc13ae3517ab8f0f,11/28/2023,sapien cum sociis,dui vel nisl
66178d05fc13ae3517ab8f10,12/15/2023,amet consectetuer,consequat ut
66178d05fc13ae3517ab8f11,11/30/2023,tincidunt in,ipsum
66178d05fc13ae3517ab8f12,3/27/2024,condimentum,convallis nulla neque
66178d05fc13ae3517ab8f13,12/27/2023,quis tortor,diam in magna
66178d05fc13ae3517ab8f14,6/27/2023,velit,bibendum
66178d05fc13ae3517ab8f15,1/8/2024,nulla,luctus
66178d05fc13ae3517ab8f16,8/23/2023,mi,dolor sit
66178d05fc13ae3517ab8f17,3/16/2024,vulputate luctus cum,nulla quisque arcu
66178d05fc13ae3517ab8f18,10/17/2023,vestibulum sed,vestibulum
66178d05fc13ae3517ab8f19,6/30/2023,vulputate nonummy,vitae
66178d05fc13ae3517ab8f1a,7/28/2023,a ipsum,nulla
66178d05fc13ae3517ab8f1b,8/20/2023,parturient montes,amet
66178d05fc13ae3517ab8f1c,2/9/2024,erat fermentum justo,vivamus vestibulum
66178d05fc13ae3517ab8f1d,12/18/2023,eleifend luctus ultricies,lorem quisque
66178d05fc13ae3517ab8f1e,12/29/2023,pede justo lacinia,mauris
66178d05fc13ae3517ab8f1f,3/15/2024,mi,vestibulum
66178d05fc13ae3517ab8f20,6/21/2023,mi,parturient
66178d05fc13ae3517ab8f21,10/11/2023,mattis,in faucibus
66178d05fc13ae3517ab8f22,3/31/2024,non velit,elementum in
66178d05fc13ae3517ab8f23,9/19/2023,etiam faucibus,pede ullamcorper augue
66178d05fc13ae3517ab8f24,1/17/2024,tempus sit amet,massa volutpat convallis
66178d05fc13ae3517ab8f25,2/21/2024,non pretium quis,nec
66178d05fc13ae3517ab8f26,7/18/2023,rhoncus sed vestibulum,sit
66178d05fc13ae3517ab8f27,11/30/2023,maecenas tristique est,rhoncus dui vel
66178d05fc13ae3517ab8f28,3/1/2024,at turpis a,lobortis
66178d05fc13ae3517ab8f29,5/15/2023,dolor sit,ullamcorper purus
66178d05fc13ae3517ab8f2a,5/30/2023,maecenas tristique,sit amet sem
66178d05fc13ae3517ab8f2b,1/14/2024,nibh ligula,vestibulum ante ipsum
66178d05fc13ae3517ab8f2c,10/20/2023,cursus,at velit eu
66178d05fc13ae3517ab8f2d,6/26/2023,nulla,at dolor quis
66178d05fc13ae3517ab8f2e,2/3/2024,nisl nunc nisl,eget massa
66178d05fc13ae3517ab8f2f,3/18/2024,vestibulum ante,rutrum
66178d05fc13ae3517ab8f30,11/26/2023,porttitor,sagittis sapien cum
66178d05fc13ae3517ab8f31,3/17/2024,amet erat,amet eleifend
66178d05fc13ae3517ab8f32,6/1/2023,nullam,pretium quis lectus
66178d05fc13ae3517ab8f33,8/14/2023,at,quis
66178d05fc13ae3517ab8f34,8/17/2023,varius nulla,lacus morbi
66178d05fc13ae3517ab8f35,9/5/2023,posuere,magna
66178d05fc13ae3517ab8f36,12/26/2023,amet,et ultrices posuere
66178d05fc13ae3517ab8f37,4/29/2023,ut mauris,curabitur in libero
66178d05fc13ae3517ab8f38,11/2/2023,nam,duis aliquam convallis
66178d05fc13ae3517ab8f39,7/30/2023,aliquam,iaculis justo in
66178d05fc13ae3517ab8f3a,1/23/2024,justo morbi ut,fusce posuere
66178d05fc13ae3517ab8f3b,2/27/2024,turpis donec,duis
66178d05fc13ae3517ab8f3c,2/18/2024,rutrum nulla,ligula in
66178d05fc13ae3517ab8f3d,4/2/2024,vivamus metus,vel est donec
66178d05fc13ae3517ab8f3e,7/3/2023,etiam,quam
66178d05fc13ae3517ab8f3f,7/4/2023,eget,mi in
66178d05fc13ae3517ab8f40,5/11/2023,amet turpis,lectus aliquam sit
66178d05fc13ae3517ab8f41,8/22/2023,lacus purus,nisl
66178d05fc13ae3517ab8f42,5/20/2023,ligula pellentesque,enim in tempor
66178d05fc13ae3517ab8f43,12/24/2023,sit,erat fermentum
66178d05fc13ae3517ab8f44,3/14/2024,at dolor,integer
66178d05fc13ae3517ab8f45,5/6/2023,pharetra magna ac,lobortis
66178d05fc13ae3517ab8f46,7/8/2023,quis,imperdiet et commodo
66178d05fc13ae3517ab8f47,8/10/2023,pede posuere nonummy,lectus in quam
66178d05fc13ae3517ab8f48,2/21/2024,fermentum,vulputate elementum
66178d05fc13ae3517ab8f49,8/22/2023,interdum,nisl venenatis
66178d05fc13ae3517ab8f4a,9/18/2023,dui,nisi volutpat eleifend
66178d05fc13ae3517ab8f4b,11/17/2023,vestibulum,sed accumsan
66178d05fc13ae3517ab8f4c,7/25/2023,integer ac neque,semper rutrum nulla
66178d05fc13ae3517ab8f4d,3/17/2024,ut tellus nulla,libero rutrum
66178d05fc13ae3517ab8f4e,11/7/2023,ut nunc vestibulum,id
66178d05fc13ae3517ab8f4f,3/5/2024,elementum in,ipsum dolor
66178d05fc13ae3517ab8f50,11/9/2023,ante ipsum primis,ipsum primis
66178d05fc13ae3517ab8f51,6/4/2023,metus,tortor
66178d05fc13ae3517ab8f52,3/3/2024,cursus urna ut,pretium quis lectus
66178d05fc13ae3517ab8f53,7/11/2023,mollis molestie lorem,sapien quis libero
66178d05fc13ae3517ab8f54,3/6/2024,urna pretium nisl,interdum mauris
66178d05fc13ae3517ab8f55,10/17/2023,sapien,iaculis
66178d05fc13ae3517ab8f56,5/17/2023,tincidunt,volutpat
66178d05fc13ae3517ab8f57,3/4/2024,aliquet ultrices,elementum
66178d05fc13ae3517ab8f58,10/2/2023,elit proin interdum,sed
66178d05fc13ae3517ab8f59,12/11/2023,vel dapibus at,vulputate elementum
66178d05fc13ae3517ab8f5a,2/20/2024,augue,sit amet lobortis
66178d05fc13ae3517ab8f5b,9/28/2023,leo odio porttitor,semper
66178d05fc13ae3517ab8f5c,8/28/2023,lacinia sapien quis,sollicitudin
66178d05fc13ae3517ab8f5d,9/12/2023,amet consectetuer,interdum mauris
66178d05fc13ae3517ab8f5e,5/29/2023,lobortis vel dapibus,rutrum neque aenean
66178d05fc13ae3517ab8f5f,10/12/2023,massa volutpat convallis,dolor vel est
66178d05fc13ae3517ab8f60,2/6/2024,sodales scelerisque mauris,at
66178d05fc13ae3517ab8f61,1/12/2024,condimentum,lorem integer
66178d05fc13ae3517ab8f62,10/8/2023,interdum mauris,tincidunt
66178d05fc13ae3517ab8f63,7/6/2023,magnis,odio justo sollicitudin
66178d05fc13ae3517ab8f64,1/15/2024,duis bibendum,nulla
66178d05fc13ae3517ab8f65,1/16/2024,duis faucibus accumsan,est quam
66178d05fc13ae3517ab8f66,4/24/2023,commodo,quam pharetra magna
66178d05fc13ae3517ab8f67,4/21/2023,amet,at lorem integer
66178d05fc13ae3517ab8f68,9/9/2023,orci mauris lacinia,aenean
66178d05fc13ae3517ab8f69,7/25/2023,sit,neque libero convallis
66178d05fc13ae3517ab8f6a,1/15/2024,maecenas,erat
66178d05fc13ae3517ab8f6b,1/21/2024,hac habitasse,luctus
66178d05fc13ae3517ab8f6c,9/18/2023,posuere,morbi ut odio
66178d05fc13ae3517ab8f6d,7/5/2023,nonummy maecenas tincidunt,erat vestibulum sed
66178d05fc13ae3517ab8f6e,10/21/2023,cursus id turpis,cum
66178d05fc13ae3517ab8f6f,1/12/2024,urna ut,vel accumsan tellus
66178d05fc13ae3517ab8f70,5/25/2023,duis,arcu adipiscing molestie
66178d05fc13ae3517ab8f71,3/27/2024,dolor,donec ut
66178d05fc13ae3517ab8f72,3/17/2024,vestibulum ante,faucibus
66178d05fc13ae3517ab8f73,4/21/2023,potenti in eleifend,ante
66178d05fc13ae3517ab8f74,5/11/2023,nam tristique tortor,tortor risus dapibus
66178d05fc13ae3517ab8f75,4/14/2023,tellus,ridiculus mus etiam
66178d05fc13ae3517ab8f76,10/5/2023,at diam,a feugiat et
66178d05fc13ae3517ab8f77,8/23/2023,quis lectus,in lectus
66178d05fc13ae3517ab8f78,2/18/2024,tristique fusce,faucibus cursus urna
66178d05fc13ae3517ab8f79,5/21/2023,aliquam sit,quis lectus suspendisse
66178d05fc13ae3517ab8f7a,10/2/2023,a,a libero
66178d05fc13ae3517ab8f7b,9/13/2023,platea,posuere cubilia curae
66178d05fc13ae3517ab8f7c,6/22/2023,in felis donec,aenean fermentum
66178d05fc13ae3517ab8f7d,5/3/2023,fusce,lectus
66178d05fc13ae3517ab8f7e,4/23/2023,turpis,vestibulum rutrum
66178d05fc13ae3517ab8f7f,7/20/2023,lorem ipsum dolor,et ultrices posuere
66178d05fc13ae3517ab8f80,1/13/2024,quam,potenti nullam porttitor
66178d05fc13ae3517ab8f81,1/29/2024,vestibulum quam,id sapien
66178d05fc13ae3517ab8f82,2/18/2024,sem praesent id,neque aenean auctor
66178d05fc13ae3517ab8f83,5/14/2023,eu sapien cursus,sed
66178d05fc13ae3517ab8f84,3/5/2024,sapien,ante ipsum
66178d05fc13ae3517ab8f85,9/3/2023,lobortis,molestie sed justo
66178d05fc13ae3517ab8f86,11/19/2023,interdum,magnis
66178d05fc13ae3517ab8f87,11/9/2023,neque libero,bibendum felis
66178d05fc13ae3517ab8f88,7/6/2023,congue,ipsum
66178d05fc13ae3517ab8f89,12/29/2023,venenatis non sodales,morbi non
66178d05fc13ae3517ab8f8a,7/17/2023,at,neque duis bibendum
66178d05fc13ae3517ab8f8b,11/11/2023,at turpis,justo
66178d05fc13ae3517ab8f8c,2/18/2024,imperdiet et,non mi
66178d05fc13ae3517ab8f8d,8/17/2023,a libero nam,adipiscing elit
66178d05fc13ae3517ab8f8e,8/14/2023,in,eros
66178d05fc13ae3517ab8f8f,5/22/2023,tortor quis,metus aenean fermentum
66178d05fc13ae3517ab8f90,8/22/2023,at turpis donec,ultrices posuere
66178d05fc13ae3517ab8f91,8/8/2023,justo nec condimentum,justo etiam pretium
66178d05fc13ae3517ab8f92,6/13/2023,maecenas,volutpat sapien
66178d05fc13ae3517ab8f93,3/24/2024,pede ullamcorper augue,fusce
66178d05fc13ae3517ab8f94,7/26/2023,cubilia curae donec,ultrices phasellus
66178d05fc13ae3517ab8f95,1/2/2024,malesuada in imperdiet,vivamus vestibulum sagittis
66178d05fc13ae3517ab8f96,9/7/2023,in,dictumst morbi vestibulum
66178d05fc13ae3517ab8f97,7/24/2023,varius ut blandit,sodales
66178d05fc13ae3517ab8f98,1/13/2024,justo,fusce congue
66178d05fc13ae3517ab8f99,8/26/2023,commodo placerat praesent,platea
66178d05fc13ae3517ab8f9a,11/11/2023,lacinia erat vestibulum,lacinia erat
66178d05fc13ae3517ab8f9b,2/9/2024,sapien,vel
66178d05fc13ae3517ab8f9c,11/4/2023,pretium,id nulla
66178d05fc13ae3517ab8f9d,5/23/2023,interdum eu,molestie
66178d05fc13ae3517ab8f9e,8/27/2023,diam,pede malesuada in
66178d05fc13ae3517ab8f9f,10/21/2023,in quam,lacus curabitur at
66178d05fc13ae3517ab8fa0,8/6/2023,auctor sed,proin eu
66178d05fc13ae3517ab8fa1,5/30/2023,ut rhoncus aliquet,odio
66178d05fc13ae3517ab8fa2,7/26/2023,at,ut
66178d05fc13ae3517ab8fa3,7/1/2023,quam,proin interdum mauris
66178d05fc13ae3517ab8fa4,11/14/2023,venenatis lacinia aenean,enim blandit mi
66178d05fc13ae3517ab8fa5,5/12/2023,ullamcorper purus sit,ac
66178d05fc13ae3517ab8fa6,11/14/2023,vestibulum ante,ac leo
66178d05fc13ae3517ab8fa7,11/20/2023,iaculis congue vivamus,eu
66178d05fc13ae3517ab8fa8,12/6/2023,id,venenatis
66178d05fc13ae3517ab8fa9,4/19/2023,et magnis,turpis nec euismod
66178d05fc13ae3517ab8faa,5/12/2023,justo in hac,primis in
66178d05fc13ae3517ab8fab,1/3/2024,platea dictumst,eleifend pede
66178d05fc13ae3517ab8fac,5/2/2023,faucibus orci luctus,consequat dui nec
66178d05fc13ae3517ab8fad,7/28/2023,eu,non mi integer
66178d05fc13ae3517ab8fae,4/15/2023,erat quisque erat,lacus
66178d05fc13ae3517ab8faf,12/12/2023,nulla,tortor
66178d05fc13ae3517ab8fb0,12/9/2023,vestibulum,morbi
66178d05fc13ae3517ab8fb1,12/31/2023,vivamus tortor,vestibulum quam
66178d05fc13ae3517ab8fb2,9/22/2023,vel ipsum praesent,quam sollicitudin vitae
66178d05fc13ae3517ab8fb3,10/23/2023,eleifend quam a,faucibus accumsan
66178d05fc13ae3517ab8fb4,9/19/2023,elementum,cubilia curae mauris
66178d05fc13ae3517ab8fb5,5/9/2023,dolor sit,non
66178d05fc13ae3517ab8fb6,10/29/2023,dapibus,donec odio
66178d05fc13ae3517ab8fb7,9/1/2023,volutpat in congue,eleifend
66178d05fc13ae3517ab8fb8,5/1/2023,sit,morbi
66178d05fc13ae3517ab8fb9,12/20/2023,pede,quis justo maecenas
66178d05fc13ae3517ab8fba,9/16/2023,sit amet consectetuer,consectetuer adipiscing
66178d05fc13ae3517ab8fbb,7/8/2023,ac consequat,vestibulum eget
66178d05fc13ae3517ab8fbc,9/4/2023,nunc nisl duis,posuere felis
66178d05fc13ae3517ab8fbd,9/15/2023,amet cursus,enim
66178d05fc13ae3517ab8fbe,6/2/2023,congue risus semper,quam a
66178d05fc13ae3517ab8fbf,7/29/2023,proin risus praesent,lorem
66178d05fc13ae3517ab8fc0,12/11/2023,leo odio porttitor,ipsum primis
66178d05fc13ae3517ab8fc1,10/19/2023,lectus aliquam,accumsan felis ut
66178d05fc13ae3517ab8fc2,5/8/2023,nulla pede,mauris viverra diam
66178d05fc13ae3517ab8fc3,6/13/2023,dui,nec
66178d05fc13ae3517ab8fc4,7/4/2023,nullam sit,viverra pede ac
66178d05fc13ae3517ab8fc5,10/22/2023,rutrum neque,quam pede
66178d05fc13ae3517ab8fc6,10/10/2023,sapien,nullam
66178d05fc13ae3517ab8fc7,12/8/2023,sit,maecenas pulvinar
66178d05fc13ae3517ab8fc8,10/31/2023,duis consequat,risus
66178d05fc13ae3517ab8fc9,10/2/2023,sapien sapien non,vitae
66178d05fc13ae3517ab8fca,12/31/2023,dictumst,et ultrices posuere
66178d05fc13ae3517ab8fcb,12/7/2023,curabitur,convallis duis consequat
66178d05fc13ae3517ab8fcc,5/22/2023,mauris eget,a suscipit
66178d05fc13ae3517ab8fcd,6/24/2023,habitasse,augue a suscipit
66178d05fc13ae3517ab8fce,7/5/2023,tellus in,quis justo
66178d05fc13ae3517ab8fcf,3/17/2024,accumsan,vestibulum eget vulputate
66178d05fc13ae3517ab8fd0,3/22/2024,ullamcorper purus,felis sed
66178d05fc13ae3517ab8fd1,6/29/2023,ipsum primis,posuere cubilia curae
66178d05fc13ae3517ab8fd2,4/4/2024,metus arcu adipiscing,nec sem duis
66178d05fc13ae3517ab8fd3,4/20/2023,donec,lacus purus
66178d05fc13ae3517ab8fd4,12/20/2023,lectus pellentesque,cubilia curae nulla
66178d05fc13ae3517ab8fd5,9/13/2023,blandit lacinia erat,diam
66178d05fc13ae3517ab8fd6,2/14/2024,est,massa id
66178d05fc13ae3517ab8fd7,3/15/2024,praesent,donec
66178d05fc13ae3517ab8fd8,1/15/2024,dolor sit amet,blandit ultrices
66178d05fc13ae3517ab8fd9,11/27/2023,nulla suscipit,rutrum
66178d05fc13ae3517ab8fda,3/16/2024,vehicula condimentum curabitur,tristique in tempus
66178d05fc13ae3517ab8fdb,3/11/2024,odio elementum eu,mi pede
66178d05fc13ae3517ab8fdc,8/9/2023,pharetra,id luctus nec
66178d05fc13ae3517ab8fdd,10/7/2023,porta,ultrices posuere cubilia
66178d05fc13ae3517ab8fde,9/16/2023,ut suscipit,tristique est
66178d05fc13ae3517ab8fdf,4/7/2023,nam congue risus,maecenas
66178d05fc13ae3517ab8fe0,5/27/2023,eros,sollicitudin mi
66178d05fc13ae3517ab8fe1,3/17/2024,neque,nisl ut
66178d05fc13ae3517ab8fe2,12/19/2023,nulla,nulla eget eros
66178d05fc13ae3517ab8fe3,10/14/2023,eu,primis
66178d05fc13ae3517ab8fe4,11/9/2023,sapien arcu,eget elit
66178d05fc13ae3517ab8fe5,1/22/2024,in ante vestibulum,molestie
66178d05fc13ae3517ab8fe6,7/28/2023,amet nulla quisque,velit
66178d05fc13ae3517ab8fe7,2/4/2024,ipsum,ipsum
66178d05fc13ae3517ab8fe8,1/12/2024,lorem ipsum dolor,suspendisse
66178d05fc13ae3517ab8fe9,1/5/2024,rhoncus aliquam,consequat nulla
66178d05fc13ae3517ab8fea,1/21/2024,porttitor lorem,dui luctus rutrum
66178d05fc13ae3517ab8feb,11/21/2023,nec,libero nam
66178d05fc13ae3517ab8fec,11/3/2023,mi,ultrices erat
66178d05fc13ae3517ab8fed,8/4/2023,nulla facilisi cras,porta
66178d05fc13ae3517ab8fee,10/22/2023,orci,venenatis non
66178d05fc13ae3517ab8fef,5/14/2023,accumsan,magna at
66178d05fc13ae3517ab8ff0,1/17/2024,fusce congue,lectus
66178d05fc13ae3517ab8ff1,9/20/2023,nulla nisl,rutrum neque
66178d05fc13ae3517ab8ff2,10/22/2023,aliquet maecenas leo,pharetra magna vestibulum
66178d05fc13ae3517ab8ff3,4/12/2023,integer ac,convallis tortor
66178d05fc13ae3517ab8ff4,8/12/2023,mauris viverra diam,pede ullamcorper augue
66178d05fc13ae3517ab8ff5,4/6/2023,eu nibh quisque,orci pede
66178d05fc13ae3517ab8ff6,9/12/2023,ac est,potenti in
66178d05fc13ae3517ab8ff7,10/31/2023,adipiscing,vitae nisi
66178d05fc13ae3517ab8ff8,7/1/2023,ligula,sed sagittis nam
66178d05fc13ae3517ab8ff9,12/21/2023,hac habitasse platea,platea dictumst aliquam
66178d05fc13ae3517ab8ffa,2/16/2024,in felis,rutrum
66178d05fc13ae3517ab8ffb,9/12/2023,id,iaculis
66178d05fc13ae3517ab8ffc,6/25/2023,quam,interdum
66178d05fc13ae3517ab8ffd,5/17/2023,pede posuere,felis
66178d05fc13ae3517ab8ffe,10/29/2023,luctus et ultrices,mauris ullamcorper
66178d05fc13ae3517ab8fff,5/12/2023,suspendisse ornare consequat,turpis
66178d05fc13ae3517ab9000,6/7/2023,sit amet,risus auctor
66178d05fc13ae3517ab9001,6/10/2023,erat,lobortis est phasellus
66178d05fc13ae3517ab9002,10/17/2023,ut massa volutpat,nulla tempus vivamus
66178d05fc13ae3517ab9003,11/6/2023,justo lacinia eget,tortor id
66178d05fc13ae3517ab9004,7/6/2023,orci mauris lacinia,est risus
66178d05fc13ae3517ab9005,9/23/2023,leo pellentesque ultrices,et magnis dis
66178d05fc13ae3517ab9006,8/11/2023,maecenas,augue vestibulum
66178d05fc13ae3517ab9007,7/2/2023,purus eu,augue
66178d05fc13ae3517ab9008,2/13/2024,ac nulla sed,nisi
66178d05fc13ae3517ab9009,5/19/2023,ac est,vitae quam
66178d05fc13ae3517ab900a,1/1/2024,vitae consectetuer,at
66178d05fc13ae3517ab900b,1/24/2024,facilisi cras non,magnis dis
66178d05fc13ae3517ab900c,2/21/2024,lacus,gravida sem
66178d05fc13ae3517ab900d,3/1/2024,at turpis,imperdiet et
66178d05fc13ae3517ab900e,10/6/2023,magna ac consequat,nec
66178d05fc13ae3517ab900f,3/15/2024,ante ipsum,curabitur at
66178d05fc13ae3517ab9010,7/20/2023,nunc viverra,pharetra magna vestibulum
66178d05fc13ae3517ab9011,8/18/2023,quam,est donec
66178d05fc13ae3517ab9012,2/1/2024,elementum,lectus pellentesque at
66178d05fc13ae3517ab9013,7/17/2023,volutpat sapien,lectus pellentesque
66178d05fc13ae3517ab9014,1/28/2024,quam sollicitudin vitae,ante vel
66178d05fc13ae3517ab9015,8/25/2023,aliquet massa,mi integer
66178d05fc13ae3517ab9016,4/17/2023,varius nulla facilisi,tellus
66178d05fc13ae3517ab9017,11/20/2023,luctus et ultrices,justo lacinia eget
66178d05fc13ae3517ab9018,5/14/2023,nulla suscipit ligula,ultricies eu
66178d05fc13ae3517ab9019,2/28/2024,sapien cursus,dapibus dolor
66178d05fc13ae3517ab901a,3/31/2024,enim,curabitur convallis
66178d05fc13ae3517ab901b,6/19/2023,rhoncus sed,porttitor
66178d05fc13ae3517ab901c,12/30/2023,ut erat curabitur,nulla facilisi cras
66178d05fc13ae3517ab901d,12/25/2023,ante nulla justo,ipsum primis in
66178d05fc13ae3517ab901e,6/14/2023,at nulla,augue vel accumsan
66178d05fc13ae3517ab901f,6/4/2023,nunc viverra dapibus,magna
66178d05fc13ae3517ab9020,6/18/2023,lacus morbi,porta
66178d05fc13ae3517ab9021,5/12/2023,sed augue aliquam,turpis adipiscing
66178d05fc13ae3517ab9022,7/2/2023,eu sapien cursus,molestie lorem
66178d05fc13ae3517ab9023,10/23/2023,vestibulum,blandit
66178d05fc13ae3517ab9024,12/14/2023,auctor sed tristique,magna
66178d05fc13ae3517ab9025,6/3/2023,potenti,dictumst maecenas
66178d05fc13ae3517ab9026,6/15/2023,odio,varius nulla
66178d05fc13ae3517ab9027,4/20/2023,luctus,in sapien iaculis
66178d05fc13ae3517ab9028,11/27/2023,consectetuer,vulputate nonummy maecenas
66178d05fc13ae3517ab9029,6/21/2023,nec nisi,sit amet lobortis
66178d05fc13ae3517ab902a,11/19/2023,felis ut,sit
66178d05fc13ae3517ab902b,3/25/2024,curabitur,et ultrices
66178d05fc13ae3517ab902c,1/18/2024,vestibulum ante,quam
66178d05fc13ae3517ab902d,1/16/2024,sociis natoque,platea
66178d05fc13ae3517ab902e,9/8/2023,nisl ut volutpat,amet consectetuer
66178d05fc13ae3517ab902f,10/9/2023,nullam sit,arcu libero
66178d05fc13ae3517ab9030,5/12/2023,vulputate justo,tortor duis
66178d05fc13ae3517ab9031,6/3/2023,natoque,mauris
66178d05fc13ae3517ab9032,3/18/2024,commodo vulputate justo,morbi sem
66178d05fc13ae3517ab9033,8/30/2023,ipsum primis in,morbi
66178d05fc13ae3517ab9034,2/18/2024,luctus et ultrices,vestibulum ante ipsum
66178d05fc13ae3517ab9035,5/27/2023,suspendisse,morbi a
66178d05fc13ae3517ab9036,12/5/2023,elit ac,venenatis
66178d05fc13ae3517ab9037,10/4/2023,erat tortor,sagittis
66178d05fc13ae3517ab9038,6/3/2023,nulla,interdum in
66178d05fc13ae3517ab9039,6/9/2023,eget eros,ut erat
66178d05fc13ae3517ab903a,12/22/2023,suscipit a,vestibulum eget vulputate
66178d05fc13ae3517ab903b,8/11/2023,condimentum id,lorem integer
66178d05fc13ae3517ab903c,11/9/2023,vestibulum sit amet,quis
66178d05fc13ae3517ab903d,7/2/2023,ante ipsum,erat
66178d05fc13ae3517ab903e,3/28/2024,lacus at,ac tellus
66178d05fc13ae3517ab903f,9/17/2023,nec nisi,in quis
66178d05fc13ae3517ab9040,6/11/2023,sem,quam fringilla rhoncus
66178d05fc13ae3517ab9041,10/13/2023,ligula pellentesque,in felis
66178d05fc13ae3517ab9042,7/25/2023,imperdiet et,laoreet
66178d05fc13ae3517ab9043,6/9/2023,luctus,nam
66178d05fc13ae3517ab9044,4/28/2023,in imperdiet et,mauris
66178d05fc13ae3517ab9045,2/14/2024,a nibh in,pharetra
66178d05fc13ae3517ab9046,6/26/2023,praesent,quis
66178d05fc13ae3517ab9047,12/4/2023,id ornare imperdiet,nulla integer
66178d05fc13ae3517ab9048,10/4/2023,magnis,integer
66178d05fc13ae3517ab9049,11/14/2023,magnis dis,id sapien in
66178d05fc13ae3517ab904a,4/13/2023,mattis nibh,dolor
66178d05fc13ae3517ab904b,5/29/2023,etiam,eget massa tempor
66178d05fc13ae3517ab904c,3/22/2024,eget,justo in
66178d05fc13ae3517ab904d,3/5/2024,pede,nunc nisl duis
66178d05fc13ae3517ab904e,6/3/2023,lacus,nam tristique
66178d05fc13ae3517ab904f,3/3/2024,iaculis,duis faucibus
66178d05fc13ae3517ab9050,3/24/2024,etiam,quis orci
66178d05fc13ae3517ab9051,2/7/2024,arcu adipiscing molestie,cras
66178d05fc13ae3517ab9052,4/5/2024,morbi a,fusce posuere felis
66178d05fc13ae3517ab9053,7/30/2023,aliquam augue,in ante vestibulum
66178d05fc13ae3517ab9054,12/22/2023,nunc,dolor quis odio
66178d05fc13ae3517ab9055,9/12/2023,tincidunt eu,orci
66178d05fc13ae3517ab9056,6/29/2023,quam pede,pede
66178d05fc13ae3517ab9057,7/23/2023,mi,et magnis
66178d05fc13ae3517ab9058,5/20/2023,sapien cursus,in ante
66178d05fc13ae3517ab9059,4/3/2024,tortor duis mattis,nec euismod
66178d05fc13ae3517ab905a,8/30/2023,lacinia,vivamus in
66178d05fc13ae3517ab905b,3/20/2024,justo,congue eget semper
66178d05fc13ae3517ab905c,5/27/2023,nibh in quis,magna ac
66178d05fc13ae3517ab905d,2/11/2024,nullam,lectus pellentesque
66178d05fc13ae3517ab905e,3/21/2024,in,lobortis ligula
66178d05fc13ae3517ab905f,8/10/2023,vehicula,velit eu
66178d05fc13ae3517ab9060,11/29/2023,ut odio,condimentum neque sapien
66178d05fc13ae3517ab9061,5/28/2023,blandit,id
66178d05fc13ae3517ab9062,9/5/2023,porttitor pede justo,et ultrices
66178d05fc13ae3517ab9063,7/12/2023,in,lacus curabitur at
66178d05fc13ae3517ab9064,7/19/2023,risus,ipsum ac
66178d05fc13ae3517ab9065,2/17/2024,lobortis,hendrerit at vulputate
66178d05fc13ae3517ab9066,6/26/2023,sollicitudin vitae consectetuer,aliquam sit
66178d05fc13ae3517ab9067,8/20/2023,sagittis,a nibh
66178d05fc13ae3517ab9068,1/16/2024,ac,ipsum primis
66178d05fc13ae3517ab9069,9/1/2023,quam pharetra magna,cubilia curae mauris
66178d05fc13ae3517ab906a,10/18/2023,non pretium,pulvinar
66178d05fc13ae3517ab906b,12/29/2023,donec posuere metus,ut volutpat sapien
66178d05fc13ae3517ab906c,7/8/2023,ante,orci
66178d05fc13ae3517ab906d,1/23/2024,in congue,ipsum
66178d05fc13ae3517ab906e,9/8/2023,leo,sapien quis
66178d05fc13ae3517ab906f,7/28/2023,nunc viverra,consequat
66178d05fc13ae3517ab9070,9/18/2023,enim sit amet,justo in hac
66178d05fc13ae3517ab9071,1/15/2024,vulputate nonummy maecenas,rhoncus aliquet pulvinar
66178d05fc13ae3517ab9072,2/19/2024,in,varius
66178d05fc13ae3517ab9073,2/5/2024,metus,at
66178d05fc13ae3517ab9074,8/17/2023,mus etiam vel,ac est lacinia
66178d05fc13ae3517ab9075,9/17/2023,neque aenean,orci
66178d05fc13ae3517ab9076,4/29/2023,est donec,amet turpis elementum
66178d05fc13ae3517ab9077,3/25/2024,mattis,in quis
66178d05fc13ae3517ab9078,10/10/2023,tellus,a
66178d05fc13ae3517ab9079,11/29/2023,eget massa,odio porttitor id
66178d05fc13ae3517ab907a,7/20/2023,in quis,maecenas rhoncus aliquam
66178d05fc13ae3517ab907b,6/4/2023,nulla,vivamus metus arcu
66178d05fc13ae3517ab907c,6/26/2023,malesuada in imperdiet,eget
66178d05fc13ae3517ab907d,5/18/2023,nullam,ridiculus
66178d05fc13ae3517ab907e,4/1/2024,ac,sem duis
66178d05fc13ae3517ab907f,9/30/2023,vestibulum,ridiculus mus
66178d05fc13ae3517ab9080,1/28/2024,vel dapibus at,dolor morbi
66178d05fc13ae3517ab9081,4/23/2023,rutrum nulla tellus,quam nec
66178d05fc13ae3517ab9082,11/5/2023,massa volutpat,diam
66178d05fc13ae3517ab9083,8/31/2023,consequat dui,vestibulum
66178d05fc13ae3517ab9084,1/29/2024,donec,enim leo
66178d05fc13ae3517ab9085,12/25/2023,fermentum justo,phasellus sit amet
66178d05fc13ae3517ab9086,1/19/2024,nec euismod,dui maecenas tristique
66178d05fc13ae3517ab9087,1/11/2024,nulla dapibus dolor,tempor turpis nec
66178d05fc13ae3517ab9088,8/7/2023,mauris laoreet ut,facilisi
66178d05fc13ae3517ab9089,10/29/2023,at lorem integer,primis in
66178d05fc13ae3517ab908a,4/11/2023,mauris,ante
66178d05fc13ae3517ab908b,3/29/2024,sapien varius ut,lobortis
66178d05fc13ae3517ab908c,11/26/2023,eros suspendisse accumsan,quam a odio
66178d05fc13ae3517ab908d,11/29/2023,vulputate justo in,in felis
66178d05fc13ae3517ab908e,9/21/2023,luctus rutrum nulla,sociis natoque penatibus
66178d05fc13ae3517ab908f,11/14/2023,nunc,pulvinar sed nisl
66178d05fc13ae3517ab9090,5/6/2023,nullam porttitor,nisl aenean
66178d05fc13ae3517ab9091,6/8/2023,tellus nulla,blandit
66178d05fc13ae3517ab9092,2/17/2024,metus vitae ipsum,orci
66178d05fc13ae3517ab9093,7/25/2023,morbi,vel enim
66178d05fc13ae3517ab9094,2/7/2024,pellentesque at nulla,in
66178d05fc13ae3517ab9095,9/13/2023,vel,amet eros suspendisse
66178d05fc13ae3517ab9096,4/27/2023,cubilia curae duis,ut at
66178d05fc13ae3517ab9097,2/16/2024,molestie hendrerit,nulla sed
66178d05fc13ae3517ab9098,3/25/2024,mauris non ligula,ante ipsum
66178d05fc13ae3517ab9099,4/9/2023,augue vestibulum,at velit vivamus
66178d05fc13ae3517ab909a,10/5/2023,etiam justo etiam,tortor risus
66178d05fc13ae3517ab909b,7/9/2023,vel sem sed,duis
66178d05fc13ae3517ab909c,11/6/2023,nulla nunc,ultrices
66178d05fc13ae3517ab909d,7/12/2023,felis ut,ac
66178d05fc13ae3517ab909e,3/22/2024,pede posuere,turpis sed ante
66178d05fc13ae3517ab909f,7/6/2023,rhoncus,augue
66178d05fc13ae3517ab90a0,2/5/2024,rutrum,primis in
66178d05fc13ae3517ab90a1,9/13/2023,elementum in hac,bibendum
66178d05fc13ae3517ab90a2,5/17/2023,natoque penatibus et,habitasse platea dictumst
66178d05fc13ae3517ab90a3,4/27/2023,vulputate,curae nulla
66178d05fc13ae3517ab90a4,9/4/2023,faucibus,risus semper
66178d05fc13ae3517ab90a5,12/3/2023,vestibulum,suspendisse
66178d05fc13ae3517ab90a6,7/7/2023,in purus eu,nunc nisl duis
66178d05fc13ae3517ab90a7,8/15/2023,ut tellus,pharetra magna vestibulum
66178d05fc13ae3517ab90a8,12/25/2023,proin interdum,vestibulum ante
66178d05fc13ae3517ab90a9,4/24/2023,ante ipsum primis,porttitor
66178d05fc13ae3517ab90aa,12/27/2023,elit proin,dolor
66178d05fc13ae3517ab90ab,10/26/2023,at dolor,nibh ligula
66178d05fc13ae3517ab90ac,1/28/2024,dictumst aliquam augue,mauris lacinia
66178d05fc13ae3517ab90ad,7/26/2023,eu est congue,tincidunt eu felis
66178d05fc13ae3517ab90ae,11/28/2023,sed interdum venenatis,consectetuer
66178d05fc13ae3517ab90af,5/22/2023,mattis,amet
66178d05fc13ae3517ab90b0,8/26/2023,praesent blandit nam,eget massa
66178d05fc13ae3517ab90b1,10/14/2023,aliquet,vestibulum ante ipsum
66178d05fc13ae3517ab90b2,11/12/2023,velit vivamus,adipiscing lorem
66178d05fc13ae3517ab90b3,7/25/2023,iaculis diam,curabitur convallis duis
66178d05fc13ae3517ab90b4,4/23/2023,tellus,nisl ut volutpat
66178d05fc13ae3517ab90b5,2/18/2024,condimentum curabitur,vehicula consequat morbi
66178d05fc13ae3517ab90b6,10/15/2023,eleifend,ultrices posuere cubilia
66178d05fc13ae3517ab90b7,5/17/2023,justo aliquam,convallis nunc proin
66178d05fc13ae3517ab90b8,8/5/2023,ac,nulla pede ullamcorper
66178d05fc13ae3517ab90b9,10/9/2023,neque duis,vitae nisl
66178d05fc13ae3517ab90ba,11/19/2023,erat quisque erat,etiam justo etiam
66178d05fc13ae3517ab90bb,9/29/2023,ut,aliquet massa
66178d05fc13ae3517ab90bc,12/22/2023,vel accumsan tellus,amet turpis
66178d05fc13ae3517ab90bd,6/4/2023,in sagittis,nisl aenean
66178d05fc13ae3517ab90be,5/20/2023,sapien cum sociis,aliquam
66178d05fc13ae3517ab90bf,10/8/2023,pellentesque,id
66178d05fc13ae3517ab90c0,8/8/2023,tempus sit,sapien placerat
66178d05fc13ae3517ab90c1,12/6/2023,elit proin risus,sapien ut
66178d05fc13ae3517ab90c2,5/21/2023,commodo,non quam
66178d05fc13ae3517ab90c3,4/5/2024,vivamus tortor duis,ultrices aliquet
66178d05fc13ae3517ab90c4,9/17/2023,sapien urna,et ultrices
66178d05fc13ae3517ab90c5,8/19/2023,ut,velit id
66178d05fc13ae3517ab90c6,11/8/2023,ipsum primis in,vulputate luctus
66178d05fc13ae3517ab90c7,11/8/2023,nunc,etiam pretium
66178d05fc13ae3517ab90c8,7/9/2023,vivamus,diam vitae
66178d05fc13ae3517ab90c9,6/25/2023,mattis nibh ligula,curabitur
66178d05fc13ae3517ab90ca,4/28/2023,in faucibus orci,placerat ante nulla
66178d05fc13ae3517ab90cb,6/11/2023,morbi vestibulum,et
66178d05fc13ae3517ab90cc,12/29/2023,vulputate justo,consequat dui
66178d05fc13ae3517ab90cd,11/28/2023,accumsan,est et
66178d05fc13ae3517ab90ce,9/18/2023,vivamus,consectetuer
66178d05fc13ae3517ab90cf,2/18/2024,ipsum ac,libero nam
66178d05fc13ae3517ab90d0,1/6/2024,aliquam,vivamus in felis
66178d05fc13ae3517ab90d1,9/16/2023,odio donec vitae,augue luctus tincidunt
66178d05fc13ae3517ab90d2,2/17/2024,potenti nullam porttitor,dui vel
66178d05fc13ae3517ab90d3,3/5/2024,justo etiam,eget orci vehicula
66178d05fc13ae3517ab90d4,9/26/2023,elementum pellentesque,ipsum primis in
66178d05fc13ae3517ab90d5,5/9/2023,ut tellus,quis
66178d05fc13ae3517ab90d6,12/13/2023,massa id,lobortis vel
66178d05fc13ae3517ab90d7,9/23/2023,orci luctus et,tortor risus dapibus
66178d05fc13ae3517ab90d8,12/8/2023,placerat,tortor id
66178d05fc13ae3517ab90d9,6/19/2023,at,justo sit amet
66178d05fc13ae3517ab90da,12/10/2023,mi sit,eleifend
66178d05fc13ae3517ab90db,10/14/2023,lacinia aenean,condimentum id
66178d05fc13ae3517ab90dc,9/11/2023,consectetuer,odio
66178d05fc13ae3517ab90dd,6/12/2023,et,turpis enim
66178d05fc13ae3517ab90de,9/16/2023,in eleifend quam,eget eros elementum
66178d05fc13ae3517ab90df,4/12/2023,semper rutrum nulla,eu orci
66178d05fc13ae3517ab90e0,2/28/2024,non mauris morbi,rutrum rutrum
66178d05fc13ae3517ab90e1,8/21/2023,dapibus duis,nulla
66178d05fc13ae3517ab90e2,3/24/2024,sagittis,ut suscipit
66178d05fc13ae3517ab90e3,9/28/2023,dictumst,mi in
66178d05fc13ae3517ab90e4,2/18/2024,ipsum,condimentum curabitur in
66178d05fc13ae3517ab90e5,1/20/2024,pellentesque eget nunc,nec nisi
66178d05fc13ae3517ab90e6,3/15/2024,tempor convallis,a
66178d05fc13ae3517ab90e7,7/31/2023,vel nulla eget,ornare consequat
66178d05fc13ae3517ab90e8,4/4/2024,aenean fermentum donec,eleifend donec ut
66178d05fc13ae3517ab90e9,9/2/2023,enim lorem ipsum,molestie
66178d05fc13ae3517ab90ea,5/9/2023,nulla tempus vivamus,nulla mollis
66178d05fc13ae3517ab90eb,11/17/2023,eget tempus,dui nec
66178d05fc13ae3517ab90ec,1/28/2024,adipiscing lorem,sociis natoque
66178d05fc13ae3517ab90ed,10/16/2023,dui,dis parturient montes
66178d05fc13ae3517ab90ee,8/21/2023,ut erat,suscipit nulla
66178d05fc13ae3517ab90ef,11/11/2023,natoque penatibus,mi integer
66178d05fc13ae3517ab90f0,5/23/2023,tempus,magna vestibulum
66178d05fc13ae3517ab90f1,4/5/2024,justo sit,mauris vulputate
66178d05fc13ae3517ab90f2,2/10/2024,orci,congue
66178d05fc13ae3517ab90f3,10/17/2023,enim sit amet,morbi vestibulum velit
66178d05fc13ae3517ab90f4,6/7/2023,non,mauris vulputate
66178d05fc13ae3517ab90f5,4/2/2024,viverra,quisque id justo
66178d05fc13ae3517ab90f6,1/6/2024,cursus urna,placerat praesent
66178d05fc13ae3517ab90f7,3/1/2024,ut rhoncus aliquet,donec
66178d05fc13ae3517ab90f8,5/25/2023,nascetur ridiculus mus,orci
66178d05fc13ae3517ab90f9,7/20/2023,ligula sit,blandit nam
66178d05fc13ae3517ab90fa,7/18/2023,sapien arcu,quisque porta volutpat
66178d05fc13ae3517ab90fb,8/29/2023,ligula,at dolor quis
66178d05fc13ae3517ab90fc,5/21/2023,parturient montes,sociis natoque
66178d05fc13ae3517ab90fd,7/28/2023,donec ut,sit amet justo
66178d05fc13ae3517ab90fe,12/12/2023,mus etiam,venenatis
66178d05fc13ae3517ab90ff,1/23/2024,sed augue aliquam,sit amet consectetuer
66178d05fc13ae3517ab9100,8/3/2023,sed magna at,mauris eget massa
66178d05fc13ae3517ab9101,9/1/2023,duis bibendum,accumsan odio
66178d05fc13ae3517ab9102,5/2/2023,amet erat,justo sollicitudin ut
66178d05fc13ae3517ab9103,8/7/2023,lacinia nisi venenatis,quam pharetra magna
66178d05fc13ae3517ab9104,2/5/2024,blandit nam nulla,nisl aenean lectus
66178d05fc13ae3517ab9105,4/2/2024,nisi volutpat eleifend,mi integer ac
66178d05fc13ae3517ab9106,11/1/2023,est quam,ipsum aliquam non
66178d05fc13ae3517ab9107,1/2/2024,arcu,ac neque
66178d05fc13ae3517ab9108,8/21/2023,sapien dignissim vestibulum,eget
66178d05fc13ae3517ab9109,6/7/2023,posuere cubilia,vel ipsum
66178d05fc13ae3517ab910a,11/8/2023,est lacinia,mattis odio donec
66178d05fc13ae3517ab910b,2/22/2024,turpis,sapien sapien non
66178d05fc13ae3517ab910c,8/12/2023,blandit,quis libero nullam
66178d05fc13ae3517ab910d,7/10/2023,felis sed interdum,morbi
66178d05fc13ae3517ab910e,2/13/2024,risus praesent lectus,parturient montes
66178d05fc13ae3517ab910f,2/6/2024,sed vel enim,orci luctus
66178d05fc13ae3517ab9110,4/4/2024,ac lobortis vel,pretium iaculis diam
66178d05fc13ae3517ab9111,3/20/2024,luctus et ultrices,et eros
66178d05fc13ae3517ab9112,2/17/2024,orci vehicula condimentum,ullamcorper
66178d05fc13ae3517ab9113,5/24/2023,dui luctus rutrum,in hac habitasse
66178d05fc13ae3517ab9114,7/25/2023,vestibulum aliquet ultrices,nulla tempus vivamus
66178d05fc13ae3517ab9115,5/6/2023,lectus in,consequat lectus in
66178d05fc13ae3517ab9116,9/27/2023,aenean lectus,ut nunc
66178d05fc13ae3517ab9117,2/29/2024,erat eros viverra,luctus et
66178d05fc13ae3517ab9118,11/24/2023,sit amet nunc,ut
66178d05fc13ae3517ab9119,5/14/2023,consectetuer adipiscing elit,metus sapien ut
66178d05fc13ae3517ab911a,2/2/2024,cum,non ligula pellentesque
66178d05fc13ae3517ab911b,6/14/2023,semper porta volutpat,aliquet ultrices erat
66178d05fc13ae3517ab911c,9/9/2023,sit amet nunc,nulla nisl
66178d05fc13ae3517ab911d,10/2/2023,mollis,semper
66178d05fc13ae3517ab911e,1/30/2024,venenatis tristique fusce,porttitor pede
66178d05fc13ae3517ab911f,5/12/2023,congue vivamus metus,etiam justo etiam
66178d05fc13ae3517ab9120,12/9/2023,eu felis fusce,congue
66178d05fc13ae3517ab9121,4/13/2023,ultrices,ante vel ipsum
66178d05fc13ae3517ab9122,6/12/2023,interdum,sapien
66178d05fc13ae3517ab9123,10/15/2023,vel accumsan tellus,metus aenean
66178d05fc13ae3517ab9124,10/10/2023,amet diam in,sed justo
66178d05fc13ae3517ab9125,8/28/2023,enim lorem ipsum,eget congue
66178d05fc13ae3517ab9126,8/18/2023,lectus pellentesque,in leo
66178d05fc13ae3517ab9127,5/24/2023,quam sapien,et ultrices
66178d05fc13ae3517ab9128,9/28/2023,integer aliquet massa,ligula in
66178d05fc13ae3517ab9129,8/6/2023,diam,erat fermentum justo
66178d05fc13ae3517ab912a,5/20/2023,non interdum,elementum nullam
66178d05fc13ae3517ab912b,4/13/2023,a,libero
66178d05fc13ae3517ab912c,8/22/2023,ac enim in,nibh
66178d05fc13ae3517ab912d,6/12/2023,suspendisse ornare,cursus vestibulum
66178d05fc13ae3517ab912e,10/1/2023,rhoncus mauris enim,diam
66178d05fc13ae3517ab912f,8/17/2023,nam,aliquam
66178d05fc13ae3517ab9130,9/27/2023,sit amet,vitae nisi
66178d05fc13ae3517ab9131,5/22/2023,in lacus,ligula suspendisse ornare
66178d05fc13ae3517ab9132,4/5/2024,porta volutpat quam,magna ac
66178d05fc13ae3517ab9133,6/18/2023,in hac habitasse,diam in magna
66178d05fc13ae3517ab9134,7/25/2023,varius integer ac,sed augue aliquam
66178d05fc13ae3517ab9135,11/4/2023,in hac habitasse,imperdiet et commodo
66178d05fc13ae3517ab9136,5/21/2023,nisi vulputate,ultrices posuere
66178d05fc13ae3517ab9137,8/29/2023,adipiscing molestie,primis
66178d05fc13ae3517ab9138,7/23/2023,convallis nulla,sit
66178d05fc13ae3517ab9139,6/13/2023,est,volutpat
66178d05fc13ae3517ab913a,11/7/2023,vel,mattis egestas
66178d05fc13ae3517ab913b,11/8/2023,accumsan odio curabitur,donec quis orci
66178d05fc13ae3517ab913c,2/6/2024,metus arcu,duis bibendum
66178d05fc13ae3517ab913d,3/13/2024,elementum pellentesque quisque,turpis
66178d05fc13ae3517ab913e,8/8/2023,sed ante vivamus,ut at
66178d05fc13ae3517ab913f,8/7/2023,purus phasellus in,fusce posuere felis
66178d05fc13ae3517ab9140,6/9/2023,lacinia sapien,quisque
66178d05fc13ae3517ab9141,10/5/2023,nunc proin,iaculis justo
66178d05fc13ae3517ab9142,7/27/2023,convallis nulla,fusce
66178d05fc13ae3517ab9143,9/9/2023,in libero,faucibus orci luctus
66178d05fc13ae3517ab9144,7/9/2023,quis odio consequat,proin interdum
66178d05fc13ae3517ab9145,5/25/2023,faucibus,dignissim
66178d05fc13ae3517ab9146,7/9/2023,dignissim vestibulum vestibulum,nec
66178d05fc13ae3517ab9147,3/13/2024,sollicitudin mi,auctor gravida sem
66178d05fc13ae3517ab9148,3/14/2024,phasellus,ornare imperdiet
66178d05fc13ae3517ab9149,12/21/2023,vestibulum,magnis dis
66178d05fc13ae3517ab914a,10/21/2023,commodo placerat praesent,morbi ut odio
66178d05fc13ae3517ab914b,3/2/2024,porttitor pede,bibendum imperdiet nullam
66178d05fc13ae3517ab914c,1/14/2024,ac nulla,nascetur
66178d05fc13ae3517ab914d,11/3/2023,vestibulum ac est,gravida sem praesent
66178d05fc13ae3517ab914e,7/10/2023,id nisl,vulputate luctus
66178d05fc13ae3517ab914f,10/17/2023,posuere,in
66178d05fc13ae3517ab9150,3/12/2024,ante,leo rhoncus sed
66178d06fc13ae3517ab9151,8/28/2023,quis lectus suspendisse,interdum mauris
66178d06fc13ae3517ab9152,6/23/2023,donec semper,suscipit ligula
66178d06fc13ae3517ab9153,5/19/2023,dolor,facilisi
66178d06fc13ae3517ab9154,1/17/2024,nullam varius,lobortis
66178d06fc13ae3517ab9155,11/2/2023,platea dictumst,semper rutrum nulla
66178d06fc13ae3517ab9156,2/29/2024,in libero,sit amet erat
66178d06fc13ae3517ab9157,1/9/2024,maecenas pulvinar,in sagittis dui
66178d06fc13ae3517ab9158,11/2/2023,massa,convallis morbi
66178d06fc13ae3517ab9159,7/20/2023,orci eget,nec sem
66178d06fc13ae3517ab915a,3/9/2024,mi,risus
66178d06fc13ae3517ab915b,3/12/2024,consequat in,posuere cubilia curae
66178d06fc13ae3517ab915c,11/12/2023,vulputate,vel
66178d06fc13ae3517ab915d,10/17/2023,aliquet at feugiat,in blandit
66178d06fc13ae3517ab915e,12/30/2023,ornare,semper sapien a
66178d06fc13ae3517ab915f,2/5/2024,curae,aliquam quis
66178d06fc13ae3517ab9160,3/21/2024,erat fermentum,vulputate luctus
66178d06fc13ae3517ab9161,11/1/2023,parturient montes nascetur,ut
66178d06fc13ae3517ab9162,11/24/2023,feugiat,odio cras mi
66178d06fc13ae3517ab9163,8/22/2023,ante vel ipsum,cras mi pede
66178d06fc13ae3517ab9164,8/6/2023,sapien in sapien,in
66178d06fc13ae3517ab9165,2/18/2024,risus dapibus,ultrices mattis
66178d06fc13ae3517ab9166,5/13/2023,in imperdiet et,est
66178d06fc13ae3517ab9167,8/27/2023,dictumst,justo lacinia eget
66178d06fc13ae3517ab9168,9/2/2023,enim blandit,suspendisse potenti nullam
66178d06fc13ae3517ab9169,6/17/2023,fermentum justo nec,mattis nibh ligula
66178d06fc13ae3517ab916a,1/31/2024,turpis donec posuere,convallis morbi
66178d06fc13ae3517ab916b,6/23/2023,odio elementum,ultrices
66178d06fc13ae3517ab916c,5/3/2023,ut,vel pede morbi
66178d06fc13ae3517ab916d,7/25/2023,nec euismod,ut
66178d06fc13ae3517ab916e,9/7/2023,pretium,ultricies eu nibh
66178d06fc13ae3517ab916f,8/4/2023,sapien dignissim,arcu sed
66178d06fc13ae3517ab9170,10/15/2023,lectus,lacinia erat
66178d06fc13ae3517ab9171,3/21/2024,lacus at velit,id
66178d06fc13ae3517ab9172,6/30/2023,odio odio elementum,leo rhoncus sed
66178d06fc13ae3517ab9173,12/7/2023,erat vestibulum,enim
66178d06fc13ae3517ab9174,5/8/2023,sit amet,sed
66178d06fc13ae3517ab9175,9/9/2023,aliquam erat,neque vestibulum eget
66178d06fc13ae3517ab9176,5/29/2023,pellentesque,ac est
66178d06fc13ae3517ab9177,6/17/2023,ipsum primis,mollis molestie lorem
66178d06fc13ae3517ab9178,7/26/2023,auctor gravida,lectus vestibulum quam
66178d06fc13ae3517ab9179,4/28/2023,etiam,vivamus vestibulum
66178d06fc13ae3517ab917a,4/13/2023,ut nulla sed,elementum eu interdum
66178d06fc13ae3517ab917b,9/18/2023,dis,rhoncus aliquam lacus
66178d06fc13ae3517ab917c,12/30/2023,maecenas tincidunt,adipiscing
66178d06fc13ae3517ab917d,10/23/2023,varius ut,ut nunc vestibulum
66178d06fc13ae3517ab917e,10/9/2023,pede,nam ultrices libero
66178d06fc13ae3517ab917f,7/11/2023,quam,purus sit
66178d06fc13ae3517ab9180,10/9/2023,sed,erat id
66178d06fc13ae3517ab9181,9/25/2023,lobortis ligula,donec
66178d06fc13ae3517ab9182,9/10/2023,eu,rutrum rutrum neque
66178d06fc13ae3517ab9183,10/6/2023,quis orci,orci luctus et
66178d06fc13ae3517ab9184,11/14/2023,libero quis,imperdiet et commodo
66178d06fc13ae3517ab9185,7/3/2023,faucibus,justo
66178d06fc13ae3517ab9186,6/10/2023,eu,interdum in
66178d06fc13ae3517ab9187,5/31/2023,purus,curae mauris viverra
66178d06fc13ae3517ab9188,6/20/2023,eleifend,eu magna
66178d06fc13ae3517ab9189,10/16/2023,est,at
66178d06fc13ae3517ab918a,5/24/2023,scelerisque mauris sit,mattis pulvinar nulla
66178d06fc13ae3517ab918b,11/25/2023,eu,lobortis
66178d06fc13ae3517ab918c,8/19/2023,molestie lorem quisque,tortor quis
66178d06fc13ae3517ab918d,8/14/2023,nibh fusce lacus,justo aliquam
66178d06fc13ae3517ab918e,10/24/2023,faucibus orci luctus,pede ac diam
66178d06fc13ae3517ab918f,2/27/2024,posuere,nisi
66178d06fc13ae3517ab9190,5/9/2023,diam erat,turpis
66178d06fc13ae3517ab9191,10/5/2023,non velit,nulla quisque arcu
66178d06fc13ae3517ab9192,6/20/2023,est quam pharetra,vivamus metus arcu
66178d06fc13ae3517ab9193,4/11/2023,quis,ligula
66178d06fc13ae3517ab9194,6/28/2023,curae nulla,rhoncus aliquet
66178d06fc13ae3517ab9195,6/4/2023,amet consectetuer,orci luctus et
66178d06fc13ae3517ab9196,3/16/2024,metus,sapien a
66178d06fc13ae3517ab9197,3/18/2024,leo maecenas pulvinar,amet justo morbi
66178d06fc13ae3517ab9198,7/11/2023,nunc rhoncus,blandit
66178d06fc13ae3517ab9199,1/15/2024,nulla justo aliquam,integer ac leo
66178d06fc13ae3517ab919a,3/2/2024,congue,tortor quis
66178d06fc13ae3517ab919b,8/20/2023,justo etiam,ut
66178d06fc13ae3517ab919c,7/26/2023,cras pellentesque volutpat,est
66178d06fc13ae3517ab919d,9/7/2023,mauris eget massa,velit donec
66178d06fc13ae3517ab919e,12/18/2023,scelerisque quam,maecenas ut massa
66178d06fc13ae3517ab919f,11/27/2023,dignissim,sapien dignissim vestibulum
66178d06fc13ae3517ab91a0,10/12/2023,sit amet justo,mi in
66178d06fc13ae3517ab91a1,2/22/2024,iaculis congue vivamus,tristique est et
66178d06fc13ae3517ab91a2,3/9/2024,lectus,tortor sollicitudin
66178d06fc13ae3517ab91a3,10/3/2023,in lacus,risus auctor
66178d06fc13ae3517ab91a4,12/9/2023,mattis,vel sem sed
66178d06fc13ae3517ab91a5,2/22/2024,habitasse platea dictumst,at
66178d06fc13ae3517ab91a6,8/14/2023,dignissim,ligula pellentesque
66178d06fc13ae3517ab91a7,5/28/2023,massa quis,proin leo odio
66178d06fc13ae3517ab91a8,5/24/2023,scelerisque quam turpis,montes nascetur ridiculus
66178d06fc13ae3517ab91a9,1/15/2024,justo in blandit,vulputate justo
66178d06fc13ae3517ab91aa,12/11/2023,erat,donec ut
66178d06fc13ae3517ab91ab,8/24/2023,in hac,nulla
66178d06fc13ae3517ab91ac,10/20/2023,tempor,quam
66178d06fc13ae3517ab91ad,9/14/2023,vel augue,vel
66178d06fc13ae3517ab91ae,3/1/2024,nulla ultrices aliquet,sollicitudin
66178d06fc13ae3517ab91af,5/8/2023,posuere,amet justo
66178d06fc13ae3517ab91b0,9/16/2023,tristique est et,nam nulla integer
66178d06fc13ae3517ab91b1,12/19/2023,hac habitasse,at vulputate vitae
66178d06fc13ae3517ab91b2,5/16/2023,feugiat et,cum
66178d06fc13ae3517ab91b3,7/26/2023,nec,interdum mauris
66178d06fc13ae3517ab91b4,9/26/2023,fringilla,id turpis integer
66178d06fc13ae3517ab91b5,12/11/2023,diam,eros suspendisse
66178d06fc13ae3517ab91b6,11/26/2023,ridiculus mus,et magnis dis
66178d06fc13ae3517ab91b7,1/3/2024,amet nunc,rutrum
66178d06fc13ae3517ab91b8,8/29/2023,vivamus,ligula suspendisse ornare
66178d06fc13ae3517ab91b9,9/15/2023,metus aenean fermentum,arcu adipiscing molestie
66178d06fc13ae3517ab91ba,5/11/2023,suspendisse,eleifend
66178d06fc13ae3517ab91bb,10/27/2023,placerat praesent blandit,ipsum
66178d06fc13ae3517ab91bc,7/21/2023,donec posuere metus,aliquam sit amet
66178d06fc13ae3517ab91bd,4/25/2023,sodales,aenean auctor gravida
66178d06fc13ae3517ab91be,4/2/2024,ultricies eu nibh,porttitor
66178d06fc13ae3517ab91bf,4/26/2023,fusce lacus purus,nulla
66178d06fc13ae3517ab91c0,2/7/2024,accumsan odio curabitur,nulla pede ullamcorper
66178d06fc13ae3517ab91c1,8/16/2023,mauris sit amet,pharetra
66178d06fc13ae3517ab91c2,5/30/2023,volutpat convallis morbi,elit
66178d06fc13ae3517ab91c3,12/26/2023,elit,in blandit ultrices
66178d06fc13ae3517ab91c4,9/14/2023,fusce consequat,ipsum
66178d06fc13ae3517ab91c5,3/8/2024,justo eu massa,adipiscing elit
66178d06fc13ae3517ab91c6,6/12/2023,justo sit amet,augue
66178d06fc13ae3517ab91c7,9/29/2023,vitae nisi,vulputate elementum nullam
66178d06fc13ae3517ab91c8,12/27/2023,non,tincidunt
66178d06fc13ae3517ab91c9,3/6/2024,in faucibus,odio porttitor id
66178d06fc13ae3517ab91ca,5/24/2023,eu,nec nisi
66178d06fc13ae3517ab91cb,3/25/2024,justo,aliquam convallis
66178d06fc13ae3517ab91cc,8/28/2023,ipsum,est
66178d06fc13ae3517ab91cd,7/1/2023,eu orci,tortor quis
66178d06fc13ae3517ab91ce,11/7/2023,lacinia,ante ipsum primis
66178d06fc13ae3517ab91cf,11/21/2023,placerat ante,arcu
66178d06fc13ae3517ab91d0,9/5/2023,tempus,sodales
66178d06fc13ae3517ab91d1,11/4/2023,magna vestibulum aliquet,in lacus
66178d06fc13ae3517ab91d2,6/20/2023,ultrices,amet sapien
66178d06fc13ae3517ab91d3,12/17/2023,sit amet,nam
66178d06fc13ae3517ab91d4,2/16/2024,odio elementum,libero non mattis
66178d06fc13ae3517ab91d5,4/29/2023,aliquam erat,tristique in tempus
66178d06fc13ae3517ab91d6,10/27/2023,tristique in,potenti cras
66178d06fc13ae3517ab91d7,3/29/2024,lacus curabitur,sit
66178d06fc13ae3517ab91d8,11/28/2023,nisi,nisi venenatis tristique
66178d06fc13ae3517ab91d9,11/30/2023,neque duis,sem mauris
66178d06fc13ae3517ab91da,4/8/2023,sem mauris,integer
66178d06fc13ae3517ab91db,3/24/2024,condimentum neque,quisque
66178d06fc13ae3517ab91dc,7/6/2023,donec,venenatis
66178d06fc13ae3517ab91dd,6/20/2023,rhoncus dui vel,suscipit
66178d06fc13ae3517ab91de,10/28/2023,quam,pellentesque
66178d06fc13ae3517ab91df,7/18/2023,rutrum,libero convallis
66178d06fc13ae3517ab91e0,10/9/2023,elementum,magna vestibulum
66178d06fc13ae3517ab91e1,9/11/2023,amet sapien dignissim,interdum
66178d06fc13ae3517ab91e2,10/12/2023,luctus ultricies,suscipit a
66178d06fc13ae3517ab91e3,12/9/2023,justo pellentesque,leo rhoncus
66178d06fc13ae3517ab91e4,4/19/2023,platea,nunc vestibulum ante
66178d06fc13ae3517ab91e5,1/22/2024,eros,curae duis
66178d06fc13ae3517ab91e6,10/30/2023,orci vehicula condimentum,ridiculus mus etiam
66178d06fc13ae3517ab91e7,9/7/2023,eget eros,integer non velit
66178d06fc13ae3517ab91e8,11/12/2023,integer aliquet,hac habitasse
66178d06fc13ae3517ab91e9,8/14/2023,lobortis ligula sit,venenatis lacinia
66178d06fc13ae3517ab91ea,9/27/2023,velit eu,nulla nunc purus
66178d06fc13ae3517ab91eb,3/20/2024,in felis,nulla
66178d06fc13ae3517ab91ec,2/12/2024,laoreet ut rhoncus,dui proin leo
66178d06fc13ae3517ab91ed,9/9/2023,mauris enim leo,varius
66178d06fc13ae3517ab91ee,10/14/2023,aliquet,luctus nec molestie
66178d06fc13ae3517ab91ef,3/21/2024,vulputate,porttitor pede
66178d06fc13ae3517ab91f0,9/13/2023,ac tellus,tristique
66178d06fc13ae3517ab91f1,11/1/2023,ligula vehicula consequat,fermentum donec
66178d06fc13ae3517ab91f2,12/15/2023,tincidunt eu felis,turpis integer aliquet
66178d06fc13ae3517ab91f3,12/26/2023,fusce,ridiculus mus
66178d06fc13ae3517ab91f4,7/23/2023,curabitur,pulvinar lobortis
66178d06fc13ae3517ab91f5,4/12/2023,non ligula,nulla elit ac
66178d06fc13ae3517ab91f6,6/7/2023,interdum mauris,vivamus
66178d06fc13ae3517ab91f7,9/16/2023,eget rutrum,quis
66178d06fc13ae3517ab91f8,7/6/2023,hac,convallis nulla neque
66178d06fc13ae3517ab91f9,3/15/2024,sem sed,congue etiam
66178d06fc13ae3517ab91fa,4/2/2024,et magnis dis,felis
66178d06fc13ae3517ab91fb,1/18/2024,nulla quisque,in
66178d06fc13ae3517ab91fc,4/2/2024,nam dui proin,mauris
66178d06fc13ae3517ab91fd,10/19/2023,at velit eu,nunc viverra
66178d06fc13ae3517ab91fe,7/26/2023,in hac,sociis
66178d06fc13ae3517ab91ff,10/24/2023,posuere,nisi at
66178d06fc13ae3517ab9200,10/23/2023,in,ligula in lacus
66178d06fc13ae3517ab9201,2/16/2024,blandit,non
66178d06fc13ae3517ab9202,12/8/2023,enim,integer ac
66178d06fc13ae3517ab9203,10/9/2023,sapien arcu,elit
66178d06fc13ae3517ab9204,11/18/2023,at velit,dictumst morbi
66178d06fc13ae3517ab9205,5/14/2023,diam,odio consequat varius
66178d06fc13ae3517ab9206,1/17/2024,curabitur,aliquet
66178d06fc13ae3517ab9207,2/8/2024,lacus curabitur at,dolor sit amet
66178d06fc13ae3517ab9208,3/22/2024,mattis odio donec,nascetur
66178d06fc13ae3517ab9209,5/8/2023,orci,nam
66178d06fc13ae3517ab920a,12/25/2023,interdum,suspendisse
66178d06fc13ae3517ab920b,1/15/2024,fermentum donec,id nulla
66178d06fc13ae3517ab920c,5/7/2023,ipsum dolor sit,et
66178d06fc13ae3517ab920d,7/31/2023,eget tincidunt eget,blandit ultrices enim
66178d06fc13ae3517ab920e,1/18/2024,mattis egestas metus,vestibulum
66178d06fc13ae3517ab920f,5/14/2023,sapien sapien,eget congue
66178d06fc13ae3517ab9210,12/6/2023,aenean lectus pellentesque,lacus curabitur at
66178d06fc13ae3517ab9211,9/5/2023,massa donec,velit donec
66178d06fc13ae3517ab9212,4/23/2023,sociis natoque,viverra eget
66178d06fc13ae3517ab9213,6/8/2023,integer ac leo,ut tellus
66178d06fc13ae3517ab9214,1/15/2024,nec,luctus et ultrices
66178d06fc13ae3517ab9215,3/13/2024,et,pharetra
66178d06fc13ae3517ab9216,10/15/2023,ultrices posuere,bibendum
66178d06fc13ae3517ab9217,12/20/2023,vehicula condimentum,nec sem
66178d06fc13ae3517ab9218,2/3/2024,nulla suscipit,nisi venenatis
66178d06fc13ae3517ab9219,2/22/2024,turpis integer,id sapien
66178d06fc13ae3517ab921a,11/14/2023,vel,faucibus cursus
66178d06fc13ae3517ab921b,7/27/2023,sed,ut
66178d06fc13ae3517ab921c,1/11/2024,ultrices,porttitor lorem
66178d06fc13ae3517ab921d,7/4/2023,risus dapibus augue,nullam porttitor
66178d06fc13ae3517ab921e,3/8/2024,mattis,nascetur
66178d06fc13ae3517ab921f,4/19/2023,sapien cum sociis,vestibulum
66178d06fc13ae3517ab9220,6/12/2023,nulla,morbi vel lectus
66178d06fc13ae3517ab9221,8/19/2023,lectus,vestibulum
66178d06fc13ae3517ab9222,9/3/2023,ligula pellentesque,proin
66178d06fc13ae3517ab9223,11/17/2023,sapien,ipsum primis
66178d06fc13ae3517ab9224,4/17/2023,primis in faucibus,curabitur at ipsum
66178d06fc13ae3517ab9225,9/18/2023,morbi,augue vestibulum
66178d06fc13ae3517ab9226,3/21/2024,amet cursus,non
66178d06fc13ae3517ab9227,6/11/2023,est phasellus,eu massa
66178d06fc13ae3517ab9228,11/18/2023,dapibus nulla suscipit,proin
66178d06fc13ae3517ab9229,8/22/2023,feugiat,at velit
66178d06fc13ae3517ab922a,1/1/2024,congue risus,metus vitae
66178d06fc13ae3517ab922b,5/13/2023,in hac,lorem
66178d06fc13ae3517ab922c,4/29/2023,risus praesent lectus,ullamcorper augue a
66178d06fc13ae3517ab922d,6/10/2023,augue quam sollicitudin,sed
66178d06fc13ae3517ab922e,1/31/2024,iaculis,tincidunt ante vel
66178d06fc13ae3517ab922f,9/28/2023,dui nec nisi,nec nisi
66178d06fc13ae3517ab9230,3/29/2024,posuere metus vitae,aliquam convallis nunc
66178d06fc13ae3517ab9231,3/21/2024,morbi,rhoncus mauris enim
66178d06fc13ae3517ab9232,3/1/2024,lacus,id consequat in
66178d06fc13ae3517ab9233,7/6/2023,volutpat quam,mattis odio
66178d06fc13ae3517ab9234,10/19/2023,iaculis diam,vulputate ut ultrices
66178d06fc13ae3517ab9235,5/1/2023,elementum nullam varius,tempor turpis
66178d06fc13ae3517ab9236,11/10/2023,ante ipsum,pellentesque ultrices mattis
66178d06fc13ae3517ab9237,9/9/2023,lobortis,id luctus
66178d06fc13ae3517ab9238,6/30/2023,ut ultrices vel,dictumst morbi vestibulum
66178d06fc13ae3517ab9239,1/10/2024,cras,congue
66178d06fc13ae3517ab923a,3/16/2024,tempus,fusce congue
66178d06fc13ae3517ab923b,11/27/2023,faucibus orci luctus,sapien dignissim vestibulum
66178d06fc13ae3517ab923c,7/23/2023,nisi nam ultrices,mus vivamus
66178d06fc13ae3517ab923d,12/11/2023,convallis morbi,ornare imperdiet sapien
66178d06fc13ae3517ab923e,9/15/2023,purus phasellus in,vestibulum
66178d06fc13ae3517ab923f,12/25/2023,placerat praesent,at
66178d06fc13ae3517ab9240,10/22/2023,libero,libero ut
66178d06fc13ae3517ab9241,2/21/2024,pede posuere,ante vel ipsum
66178d06fc13ae3517ab9242,11/21/2023,in quam fringilla,neque duis
66178d06fc13ae3517ab9243,7/24/2023,quis justo,nisi volutpat
66178d06fc13ae3517ab9244,4/30/2023,pulvinar,quam
66178d06fc13ae3517ab9245,5/24/2023,tincidunt in,duis consequat dui
66178d06fc13ae3517ab9246,9/30/2023,et commodo vulputate,aliquet
66178d06fc13ae3517ab9247,5/28/2023,id ornare,est
66178d06fc13ae3517ab9248,8/23/2023,adipiscing,lacus
66178d06fc13ae3517ab9249,11/16/2023,mauris,non pretium quis
66178d06fc13ae3517ab924a,7/28/2023,augue,maecenas
66178d06fc13ae3517ab924b,6/24/2023,augue vestibulum rutrum,nec
66178d06fc13ae3517ab924c,10/5/2023,sed lacus,id luctus nec
66178d06fc13ae3517ab924d,10/12/2023,suscipit a,vestibulum sit amet
66178d06fc13ae3517ab924e,2/1/2024,eleifend donec,sed interdum venenatis
66178d06fc13ae3517ab924f,1/27/2024,mi,magna
66178d06fc13ae3517ab9250,12/22/2023,tellus,metus arcu
66178d06fc13ae3517ab9251,7/13/2023,iaculis,amet turpis
66178d06fc13ae3517ab9252,7/3/2023,bibendum,praesent
66178d06fc13ae3517ab9253,3/1/2024,nam nulla,habitasse
66178d06fc13ae3517ab9254,5/26/2023,porttitor,libero
66178d06fc13ae3517ab9255,5/4/2023,ut,magna
66178d06fc13ae3517ab9256,2/21/2024,ut volutpat,fringilla
66178d06fc13ae3517ab9257,6/25/2023,proin,venenatis lacinia
66178d06fc13ae3517ab9258,4/22/2023,justo,non velit
66178d06fc13ae3517ab9259,8/12/2023,sapien dignissim,ante ipsum primis
66178d06fc13ae3517ab925a,7/28/2023,in tempor turpis,venenatis turpis enim
66178d06fc13ae3517ab925b,9/29/2023,nunc viverra,nisl venenatis lacinia
66178d06fc13ae3517ab925c,7/15/2023,non ligula pellentesque,luctus
66178d06fc13ae3517ab925d,10/7/2023,sem fusce consequat,quis
66178d06fc13ae3517ab925e,4/30/2023,pede libero,lacus
66178d06fc13ae3517ab925f,3/21/2024,metus,semper est quam
66178d06fc13ae3517ab9260,11/12/2023,lectus,rhoncus
66178d06fc13ae3517ab9261,10/2/2023,justo etiam,velit eu
66178d06fc13ae3517ab9262,3/23/2024,amet justo,ut tellus
66178d06fc13ae3517ab9263,11/19/2023,vitae nisl,tortor
66178d06fc13ae3517ab9264,11/2/2023,vestibulum,laoreet ut rhoncus
66178d06fc13ae3517ab9265,1/5/2024,vel,justo
66178d06fc13ae3517ab9266,8/28/2023,rutrum at lorem,lacus morbi sem
66178d06fc13ae3517ab9267,4/9/2023,mattis,purus aliquet at
66178d06fc13ae3517ab9268,4/28/2023,proin at turpis,sit amet
66178d06fc13ae3517ab9269,12/9/2023,bibendum felis,molestie sed justo
66178d06fc13ae3517ab926a,10/10/2023,interdum in ante,in tempor
66178d06fc13ae3517ab926b,4/12/2023,sed tincidunt,tempor turpis nec
66178d06fc13ae3517ab926c,1/11/2024,in imperdiet,at ipsum
66178d06fc13ae3517ab926d,2/16/2024,faucibus cursus urna,lacus at velit
66178d06fc13ae3517ab926e,2/21/2024,at,sapien in
66178d06fc13ae3517ab926f,10/4/2023,non,lorem
66178d06fc13ae3517ab9270,3/24/2024,non lectus,nibh in
66178d06fc13ae3517ab9271,10/6/2023,morbi,mi integer
66178d06fc13ae3517ab9272,11/9/2023,dignissim,primis in
66178d06fc13ae3517ab9273,1/11/2024,convallis nulla,nulla
66178d06fc13ae3517ab9274,9/8/2023,orci,at turpis
66178d06fc13ae3517ab9275,11/7/2023,elementum pellentesque quisque,non quam
66178d06fc13ae3517ab9276,7/23/2023,mi,eu
66178d06fc13ae3517ab9277,12/15/2023,eu magna vulputate,gravida sem
66178d06fc13ae3517ab9278,8/10/2023,orci,nunc vestibulum ante
66178d06fc13ae3517ab9279,2/5/2024,ut erat,sit
66178d06fc13ae3517ab927a,7/28/2023,vulputate,laoreet ut rhoncus
66178d06fc13ae3517ab927b,8/23/2023,mauris ullamcorper purus,magna at nunc
66178d06fc13ae3517ab927c,3/12/2024,a odio,pulvinar
66178d06fc13ae3517ab927d,11/24/2023,cubilia curae,maecenas pulvinar lobortis
66178d06fc13ae3517ab927e,12/27/2023,eu,etiam
66178d06fc13ae3517ab927f,7/31/2023,ligula sit,dui luctus rutrum
66178d06fc13ae3517ab9280,3/4/2024,quam suspendisse,habitasse platea dictumst
66178d06fc13ae3517ab9281,3/3/2024,scelerisque,sed vestibulum
66178d06fc13ae3517ab9282,11/17/2023,adipiscing molestie hendrerit,ante vivamus
66178d06fc13ae3517ab9283,5/21/2023,tincidunt nulla mollis,odio justo sollicitudin
66178d06fc13ae3517ab9284,6/26/2023,et magnis dis,vitae nisi
66178d06fc13ae3517ab9285,6/23/2023,ligula vehicula consequat,elementum in
66178d06fc13ae3517ab9286,8/6/2023,etiam vel,sapien ut nunc
66178d06fc13ae3517ab9287,2/23/2024,ut,orci luctus
66178d06fc13ae3517ab9288,11/30/2023,sapien arcu,cursus urna ut
66178d06fc13ae3517ab9289,1/22/2024,justo,justo
66178d06fc13ae3517ab928a,4/27/2023,vel,pharetra magna
66178d06fc13ae3517ab928b,12/16/2023,non,aliquam
66178d06fc13ae3517ab928c,6/5/2023,ac,congue diam id
66178d06fc13ae3517ab928d,4/21/2023,diam,est
66178d06fc13ae3517ab928e,11/5/2023,nec nisi,lacus morbi quis
66178d06fc13ae3517ab928f,7/11/2023,justo in,ligula
66178d06fc13ae3517ab9290,2/5/2024,sem duis aliquam,scelerisque quam
66178d06fc13ae3517ab9291,10/29/2023,montes,nulla justo
66178d06fc13ae3517ab9292,7/12/2023,integer,lacus at
66178d06fc13ae3517ab9293,6/16/2023,luctus ultricies eu,id lobortis
66178d06fc13ae3517ab9294,10/12/2023,sed justo,ligula sit
66178d06fc13ae3517ab9295,7/16/2023,quis,non
66178d06fc13ae3517ab9296,5/27/2023,sapien non mi,vestibulum quam sapien
66178d06fc13ae3517ab9297,6/3/2023,proin at,id mauris vulputate
66178d06fc13ae3517ab9298,11/22/2023,sit,amet nulla
66178d06fc13ae3517ab9299,8/24/2023,quis orci eget,rutrum nulla
66178d06fc13ae3517ab929a,1/20/2024,congue etiam justo,erat
66178d06fc13ae3517ab929b,9/3/2023,lobortis,blandit nam
66178d06fc13ae3517ab929c,4/1/2024,nulla justo aliquam,eu nibh
66178d06fc13ae3517ab929d,11/2/2023,sem mauris,dui maecenas
66178d06fc13ae3517ab929e,4/16/2023,dictumst aliquam,faucibus orci
66178d06fc13ae3517ab929f,9/25/2023,rutrum at lorem,ligula nec sem
66178d06fc13ae3517ab92a0,10/30/2023,amet sem fusce,massa
66178d06fc13ae3517ab92a1,3/15/2024,lectus,nulla
66178d06fc13ae3517ab92a2,10/13/2023,ante,massa
66178d06fc13ae3517ab92a3,11/28/2023,lacinia nisi venenatis,tincidunt ante
66178d06fc13ae3517ab92a4,5/1/2023,in ante vestibulum,nulla suscipit
66178d06fc13ae3517ab92a5,9/7/2023,dolor sit,rutrum
66178d06fc13ae3517ab92a6,5/4/2023,pede,ultrices posuere
66178d06fc13ae3517ab92a7,10/5/2023,interdum mauris non,ac nulla sed
66178d06fc13ae3517ab92a8,6/17/2023,sed interdum,suscipit a
66178d06fc13ae3517ab92a9,3/15/2024,tellus nisi,eget massa tempor
66178d06fc13ae3517ab92aa,9/20/2023,diam,diam in
66178d06fc13ae3517ab92ab,6/6/2023,ligula,nunc purus phasellus
66178d06fc13ae3517ab92ac,11/25/2023,elit,tellus nisi
66178d06fc13ae3517ab92ad,10/11/2023,nascetur ridiculus mus,ut suscipit
66178d06fc13ae3517ab92ae,6/3/2023,ac,in lacus
66178d06fc13ae3517ab92af,1/27/2024,proin interdum,sapien varius
66178d06fc13ae3517ab92b0,10/15/2023,et commodo vulputate,sit amet diam
66178d06fc13ae3517ab92b1,10/31/2023,cubilia,scelerisque
66178d06fc13ae3517ab92b2,11/20/2023,bibendum morbi non,sit amet
66178d06fc13ae3517ab92b3,7/14/2023,ullamcorper purus,odio consequat
66178d06fc13ae3517ab92b4,5/8/2023,tempus semper,ligula
66178d06fc13ae3517ab92b5,2/6/2024,sapien cursus vestibulum,sit amet eleifend
66178d06fc13ae3517ab92b6,8/19/2023,turpis eget elit,rutrum
66178d06fc13ae3517ab92b7,10/9/2023,vel ipsum,duis aliquam convallis
66178d06fc13ae3517ab92b8,10/6/2023,semper sapien,felis ut
66178d06fc13ae3517ab92b9,9/1/2023,sed tristique in,sapien varius
66178d06fc13ae3517ab92ba,3/6/2024,non,accumsan tortor
66178d06fc13ae3517ab92bb,9/28/2023,aenean sit,sit
66178d06fc13ae3517ab92bc,5/13/2023,in sapien iaculis,felis
66178d06fc13ae3517ab92bd,2/19/2024,lorem,ante
66178d06fc13ae3517ab92be,1/5/2024,in faucibus orci,potenti nullam porttitor
66178d06fc13ae3517ab92bf,2/8/2024,blandit non,nec
66178d06fc13ae3517ab92c0,6/24/2023,sem sed,malesuada in imperdiet
66178d06fc13ae3517ab92c1,12/9/2023,viverra,nibh
66178d06fc13ae3517ab92c2,12/28/2023,diam cras,eget elit
66178d06fc13ae3517ab92c3,7/14/2023,ipsum praesent blandit,nullam sit amet
66178d06fc13ae3517ab92c4,9/24/2023,magnis dis,curabitur
66178d06fc13ae3517ab92c5,7/23/2023,id nisl venenatis,augue
66178d06fc13ae3517ab92c6,6/18/2023,erat volutpat in,praesent id massa
66178d06fc13ae3517ab92c7,5/25/2023,et ultrices,eget
66178d06fc13ae3517ab92c8,10/3/2023,pede,nec
66178d06fc13ae3517ab92c9,4/11/2023,posuere cubilia curae,tortor risus
66178d06fc13ae3517ab92ca,11/14/2023,est et tempus,nisl nunc nisl
66178d06fc13ae3517ab92cb,2/26/2024,porta volutpat,convallis morbi odio
66178d06fc13ae3517ab92cc,12/22/2023,adipiscing lorem vitae,mattis nibh ligula
66178d06fc13ae3517ab92cd,7/22/2023,at,suspendisse accumsan
66178d06fc13ae3517ab92ce,12/8/2023,ornare,lacus
66178d06fc13ae3517ab92cf,11/15/2023,augue a suscipit,semper porta
66178d06fc13ae3517ab92d0,9/28/2023,ullamcorper augue,rutrum
66178d06fc13ae3517ab92d1,12/29/2023,nisl nunc,lectus in quam
66178d06fc13ae3517ab92d2,4/19/2023,justo maecenas,gravida sem
66178d06fc13ae3517ab92d3,3/19/2024,vivamus metus,sed
66178d06fc13ae3517ab92d4,3/16/2024,eget,erat
66178d06fc13ae3517ab92d5,1/1/2024,sed augue,aliquam convallis nunc
66178d06fc13ae3517ab92d6,3/18/2024,porttitor,lobortis sapien
66178d06fc13ae3517ab92d7,12/9/2023,justo lacinia,rhoncus
66178d06fc13ae3517ab92d8,6/2/2023,morbi porttitor lorem,luctus tincidunt
66178d06fc13ae3517ab92d9,1/2/2024,aliquet at,amet sem
66178d06fc13ae3517ab92da,12/3/2023,sapien,montes
66178d06fc13ae3517ab92db,3/17/2024,nisl duis,id
66178d06fc13ae3517ab92dc,11/11/2023,erat quisque,consectetuer eget
66178d06fc13ae3517ab92dd,11/15/2023,tincidunt,neque libero convallis
66178d06fc13ae3517ab92de,9/1/2023,in tempus,odio cras mi
66178d06fc13ae3517ab92df,11/30/2023,ut massa quis,in hac
66178d06fc13ae3517ab92e0,12/28/2023,leo rhoncus,nibh
66178d06fc13ae3517ab92e1,11/25/2023,in,quam pharetra
66178d06fc13ae3517ab92e2,9/2/2023,metus arcu adipiscing,lacinia
66178d06fc13ae3517ab92e3,3/14/2024,phasellus sit,odio porttitor
