_id,topic,questions
66178d40fc13ae37c4ab8f3b,Flashpoint,[]
66178d40fc13ae37c4ab8f3c,Oyoyo,"[{},{},{},{}]"
66178d40fc13ae37c4ab8f3d,Geba,[{}]
66178d40fc13ae37c4ab8f3e,Gabvine,"[{},{}]"
66178d40fc13ae37c4ab8f3f,Trudeo,[]
66178d40fc13ae37c4ab8f40,Browsebug,[{}]
66178d40fc13ae37c4ab8f41,Skippad,"[{},{},{}]"
66178d40fc13ae37c4ab8f42,Feedbug,"[{},{},{}]"
66178d40fc13ae37c4ab8f43,Tazzy,"[{},{},{}]"
66178d40fc13ae37c4ab8f44,Kamba,"[{},{},{},{}]"
66178d40fc13ae37c4ab8f45,Trilia,"[{},{},{},{}]"
66178d40fc13ae37c4ab8f46,Skalith,"[{},{},{},{}]"
66178d40fc13ae37c4ab8f47,Jazzy,[{}]
66178d40fc13ae37c4ab8f48,Wordpedia,[]
66178d40fc13ae37c4ab8f49,Izio,"[{},{},{},{},{}]"
66178d40fc13ae37c4ab8f4a,Realblab,[]
66178d40fc13ae37c4ab8f4b,Realbuzz,"[{},{}]"
66178d40fc13ae37c4ab8f4c,Vipe,[{}]
66178d40fc13ae37c4ab8f4d,Blogtags,"[{},{},{}]"
66178d40fc13ae37c4ab8f4e,Pixonyx,[{}]
66178d40fc13ae37c4ab8f4f,Centizu,"[{},{},{}]"
66178d40fc13ae37c4ab8f50,Devshare,[]
66178d40fc13ae37c4ab8f51,Eidel,[]
66178d40fc13ae37c4ab8f52,Npath,[{}]
66178d40fc13ae37c4ab8f53,Shuffledrive,[{}]
66178d40fc13ae37c4ab8f54,Dabvine,"[{},{},{}]"
66178d40fc13ae37c4ab8f55,Demizz,"[{},{}]"
66178d40fc13ae37c4ab8f56,Tagchat,"[{},{},{},{},{}]"
66178d40fc13ae37c4ab8f57,Voonte,"[{},{},{}]"
66178d40fc13ae37c4ab8f58,Brightdog,[{}]
